<Item>
  <type>Usable</type>

  <Info>
    <Name>Potion</Name>
    <Description>Just a simple potion</Description>
    <Slot>None</Slot>
    <Type>Other</Type>
  </Info>

  <Stats>
    <Int>0</Int>
    <Dex>0</Dex>
    <Str>0</Str>
    <Con>0</Con>
  </Stats>
  <Image>Resources/Items/Potion/Potion.bmp</Image>
  <SpellStats>
    <Range>1</Range>
    <Radius>1</Radius>
    <Rank>1</Rank>
    <Level>1</Level>
    <AOE>SINGLE</AOE>
  </SpellStats>

  <EffectName>CureEffect</EffectName>

</Item>
