<Spell>
  <Info>
    <Name>Mage Armor</Name>
    <Class>Mage</Class>
    <School>Evocation</School>
    <Description>A Magical Barrier of Arcane Energy Blocking non-magical damage.</Description>    
  </Info>



  <Icon>Resources/Spells/Mage_Armor/mage_armor-icon.png</Icon>
  <Stats>
    <Range>1</Range>
    <Radius>0</Radius>
    <Rank>1</Rank>
    <Level>1</Level>
    <AOE>DISK</AOE>
  </Stats>

<EffectName>MageArmorEffect</EffectName>

<Entity>
    <Sprite>Resources/Spells/Blank/Blank.png</Sprite>
    <Width>32</Width>
    <Height>32</Height>
    <Animfile>Resources/Spells/Blank/Blank.anim</Animfile>
  </Entity>

  <Blast>
    <Sprite>Resources/Spells/Mage_Armor/shield2.png</Sprite>
    <Width>96</Width>
    <Height>96</Height>
    <Animfile>Resources/Spells/Mage_Armor/mage_armor.anim</Animfile>
  </Entity>
</Blast>
