<initialize>
	<Map>
		<mapfile>Resources/maps/Temple/temple_pools.xml</mapfile>
		<setting>Resources/maps/Temple/mapsetting.xml</setting>
	</Map>
	<PlayerCharacters>
		<Character>
			<xmlfile>Resources/Characters/Arduin/Arduin.xml</xmlfile>
		</Character>
	</PlayerCharacters>
	<Teams>
		<Team>
      			<Name>HEROES!</Name>
      			<Member>
				<character>Resources/Characters/Arduin/Arduin.xml</character>
				<Location>19,19</Location>
				<AI>NO</AI>
      			</Member>
		</Team>
	</Teams>
</initialize>