
<mapsetting>
  <intro>Resources/Docs/demo_intro</intro>
  <outro>Resources/Docs/demo_outro</outro>
  <visibility>20</visibility>
  <SpawnPoint>18,18</SpawnPoint>
  <Teams>
    <Team>
      <Name>Temple Guards</Name>
      <Member>
	<character>Resources/Characters/Birmwin64/birmwin64.xml</character>
	<AI>Zombie</AI>
	<Location>5,6</Location>
      </Member>
      <Member>
	<character>Resources/Characters/Brimwin/Brimwin.xml</character>
	<AI>Zombie</AI>
	<Location>7,7</Location>
      </Member>
      <Member>
	<character>Resources/Characters/Dagrat/Dagrat.xml</character>
	<AI>Seeker</AI>
	<Location>6,6</Location>
      </Member>		
    </Team>
  </Teams>
  
  <Quests>
    <Quest></Quest>
  </Quests>
  <Dialogs>
    <Dialog></Dialog>
  </Dialogs>
</mapsetting>
