<Tiles>
<Ground>
<Tile>
Resources/Tiles/Ground/housebase_right_down.png
</Tile>
<Tile>
Resources/Tiles/Ground/wall.png
</Tile>
<Tile>
Resources/Tiles/Ground/wallup.png
</Tile>
<Tile>
Resources/Tiles/Ground/housebase_right_centre.png
</Tile>
<Tile>
Resources/Tiles/Ground/pool3.png
</Tile>
<Tile>
Resources/Tiles/Ground/wallright.png
</Tile>
<Tile>
Resources/Tiles/Ground/pool9.png
</Tile>
<Tile>
Resources/Tiles/Ground/water.png
</Tile>
<Tile>
Resources/Tiles/Ground/pool5.png
</Tile>
<Tile>
Resources/Tiles/Ground/pool2.png
</Tile>
<Tile>
Resources/Tiles/Ground/dungeon.png
</Tile>
<Tile>
Resources/Tiles/Ground/housebase_right_up.png
</Tile>
<Tile>
Resources/Tiles/Ground/housebase_left_mid.png
</Tile>
<Tile>
Resources/Tiles/Ground/stonehall.png
</Tile>
<Tile>
Resources/Tiles/Ground/grass.png
</Tile>
<Tile>
Resources/Tiles/Ground/walldown.png
</Tile>
<Tile>
Resources/Tiles/Ground/blank.png
</Tile>
<Tile>
Resources/Tiles/Ground/housebase_mid_down.png
</Tile>
<Tile>
Resources/Tiles/Ground/dirt.png
</Tile>
<Tile>
Resources/Tiles/Ground/housebase_left_down.png
</Tile>
<Tile>
Resources/Tiles/Ground/pool7.png
</Tile>
<Tile>
Resources/Tiles/Ground/housebase_left_up.png
</Tile>
<Tile>
Resources/Tiles/Ground/pool1.png
</Tile>
<Tile>
Resources/Tiles/Ground/housebase_mid_centre.png
</Tile>
<Tile>
Resources/Tiles/Ground/wallleft.png
</Tile>
<Tile>
Resources/Tiles/Ground/pool8.png
</Tile>
<Tile>
Resources/Tiles/Ground/housebase_mid_up.png
</Tile>
<Tile>
Resources/Tiles/Ground/pool4.png
</Tile>
<Tile>
Resources/Tiles/Ground/pool6.png
</Tile>
</Ground>
<Object>
<Tile>
Resources/Tiles/Objects/well4.png
</Tile>
<Tile>
Resources/Tiles/Objects/gate1bl.png
</Tile>
<Tile>
Resources/Tiles/Objects/sword_sign.png
</Tile>
<Tile>
Resources/Tiles/Objects/roof8.png
</Tile>
<Tile>
Resources/Tiles/Objects/rectroof6.png
</Tile>
<Tile>
Resources/Tiles/Objects/shop_sign.png
</Tile>
<Tile>
Resources/Tiles/Objects/pointyroof4.png
</Tile>
<Tile>
Resources/Tiles/Objects/alchemist_sign.png
</Tile>
<Tile>
Resources/Tiles/Objects/rectroof4.png
</Tile>
<Tile>
Resources/Tiles/Objects/roof10.png
</Tile>
<Tile>
Resources/Tiles/Objects/monk_statue1.png
</Tile>
<Tile>
Resources/Tiles/Objects/roof9.png
</Tile>
<Tile>
Resources/Tiles/Objects/wiz_statue2.png
</Tile>
<Tile>
Resources/Tiles/Objects/roof6.png
</Tile>
<Tile>
Resources/Tiles/Objects/rectroof2.png
</Tile>
<Tile>
Resources/Tiles/Objects/well1.png
</Tile>
<Tile>
Resources/Tiles/Objects/armor_sign.png
</Tile>
<Tile>
Resources/Tiles/Objects/pointyroof6.png
</Tile>
<Tile>
Resources/Tiles/Objects/gate1ul.png
</Tile>
<Tile>
Resources/Tiles/Objects/roof1.png
</Tile>
<Tile>
Resources/Tiles/Objects/window.png
</Tile>
<Tile>
Resources/Tiles/Objects/door1.png
</Tile>
<Tile>
Resources/Tiles/Objects/rectroof1.png
</Tile>
<Tile>
Resources/Tiles/Objects/well2.png
</Tile>
<Tile>
Resources/Tiles/Objects/gate1br.png
</Tile>
<Tile>
Resources/Tiles/Objects/door1open.png
</Tile>
<Tile>
Resources/Tiles/Objects/wiz_statue1.png
</Tile>
<Tile>
Resources/Tiles/Objects/gate1ur.png
</Tile>
<Tile>
Resources/Tiles/Objects/smith_sign.png
</Tile>
<Tile>
Resources/Tiles/Objects/rectroof3.png
</Tile>
<Tile>
Resources/Tiles/Objects/roof7.png
</Tile>
<Tile>
Resources/Tiles/Objects/roof12.png
</Tile>
<Tile>
Resources/Tiles/Objects/rectroof8.png
</Tile>
<Tile>
Resources/Tiles/Objects/blank.png
</Tile>
<Tile>
Resources/Tiles/Objects/rectroof7.png
</Tile>
<Tile>
Resources/Tiles/Objects/roof2.png
</Tile>
<Tile>
Resources/Tiles/Objects/inn_sign.png
</Tile>
<Tile>
Resources/Tiles/Objects/pointyroof1.png
</Tile>
<Tile>
Resources/Tiles/Objects/pointyroof5.png
</Tile>
<Tile>
Resources/Tiles/Objects/monk_statue2.png
</Tile>
<Tile>
Resources/Tiles/Objects/rectroof9.png
</Tile>
<Tile>
Resources/Tiles/Objects/pointyroof3.png
</Tile>
<Tile>
Resources/Tiles/Objects/roof3.png
</Tile>
<Tile>
Resources/Tiles/Objects/tavern_sign.png
</Tile>
<Tile>
Resources/Tiles/Objects/pointyroof2.png
</Tile>
<Tile>
Resources/Tiles/Objects/roof11.png
</Tile>
<Tile>
Resources/Tiles/Objects/left.png
</Tile>
<Tile>
Resources/Tiles/Objects/rectroof5.png
</Tile>
<Tile>
Resources/Tiles/Objects/roof5.png
</Tile>
<Tile>
Resources/Tiles/Objects/roof4.png
</Tile>
<Tile>
Resources/Tiles/Objects/well3.png
</Tile>
</Object>
</Tiles>
<MAP>
<Size>
20,20
</Size>
<GroundMap>
10 10 10 10 10 10 10 10 10 10 10 10 10 10 10 10 10 10 10 10 
10 4 28 28 28 28 28 6 10 10 10 10 4 28 28 28 28 28 6 10 
10 9 8 8 8 8 8 25 10 10 10 10 9 8 8 8 8 8 25 10 
10 9 8 8 8 8 8 25 10 10 10 10 9 8 8 8 8 8 25 10 
10 9 8 8 8 8 8 25 10 10 10 10 9 8 8 8 8 8 25 10 
10 22 27 27 27 27 27 20 10 10 10 10 22 27 27 27 27 27 20 10 
10 10 10 10 10 10 10 10 10 10 10 10 10 10 10 10 10 10 10 10 
10 10 10 10 10 10 10 10 10 10 10 10 10 10 10 10 10 10 10 10 
10 10 10 10 10 10 10 10 10 10 10 10 10 10 10 10 10 10 10 10 
10 10 10 10 10 10 10 10 10 10 10 10 10 10 10 10 10 10 10 10 
10 10 10 10 10 10 10 10 10 10 10 10 10 10 10 10 10 10 10 10 
10 10 10 10 10 10 10 10 10 10 10 10 10 10 10 10 10 10 10 10 
10 10 10 10 10 10 10 10 10 10 10 10 10 10 10 10 10 10 10 10 
10 10 10 10 10 10 10 10 10 10 10 10 10 10 10 10 10 10 10 10 
10 10 10 10 10 10 10 10 10 10 10 10 10 10 10 10 10 10 10 10 
10 10 10 10 10 10 10 10 10 10 10 10 10 10 10 10 10 10 10 10 
10 10 10 10 10 10 10 10 10 10 10 10 10 10 10 10 10 10 10 10 
10 10 10 10 10 10 10 10 10 10 10 10 10 10 10 10 10 10 10 10 
10 10 10 10 10 10 10 10 10 10 10 10 10 10 10 10 10 10 10 10 
10 10 10 10 10 10 10 10 10 10 10 10 10 10 10 10 10 10 10 10 
</GroundMap>
<ObjectMap>
33 33 33 33 33 33 33 33 33 33 33 33 33 33 33 33 33 33 33 33 
33 33 33 33 33 33 33 33 33 33 33 33 33 33 33 33 33 33 33 33 
33 33 33 33 10 33 33 33 33 33 33 33 33 33 33 10 33 33 33 33 
33 33 33 33 39 33 33 33 33 33 33 33 33 33 33 39 33 33 33 33 
33 33 33 33 33 33 33 33 33 33 33 33 33 33 33 33 33 33 33 33 
33 33 33 33 33 33 33 33 33 33 33 33 33 33 33 33 33 33 33 33 
33 33 33 33 33 33 33 33 33 33 33 33 33 33 33 33 33 33 33 33 
33 33 33 33 33 33 33 33 33 33 33 33 33 33 33 33 33 33 33 33 
33 33 33 33 33 33 33 33 33 33 33 33 33 33 33 33 33 33 33 33 
33 33 33 33 33 33 33 33 33 33 33 33 33 33 33 33 33 33 33 33 
33 33 33 33 33 33 33 33 33 33 33 33 33 33 33 33 33 33 33 33 
33 33 33 33 33 33 33 33 33 33 33 33 33 33 33 33 33 33 33 33 
33 33 33 33 33 33 33 33 33 33 33 33 33 33 33 33 33 33 33 33 
33 33 33 33 33 33 33 33 33 33 33 33 33 33 33 33 33 33 33 33 
33 33 33 33 33 33 33 33 33 33 33 33 33 33 33 33 33 33 33 33 
33 33 33 33 33 33 33 33 33 33 33 33 33 33 33 33 33 33 33 33 
33 33 33 33 33 33 33 33 33 33 33 33 33 33 33 33 33 33 33 33 
33 33 33 33 33 33 33 33 33 33 33 33 33 33 33 33 33 33 33 33 
33 33 33 33 33 33 33 33 33 33 33 33 33 33 33 33 33 33 33 33 
33 33 33 33 33 33 33 33 33 33 33 33 33 33 33 33 33 33 33 33 
</ObjectMap>
<ColisionMap>
0 0 0 0 0 0 0 0 0 0 0 0 0 0 0 0 0 0 0 0 
0 2 2 2 2 2 2 2 0 0 0 0 2 2 2 2 2 2 2 0 
0 2 2 2 2 2 2 2 0 0 0 0 2 2 2 2 2 2 2 0 
0 2 2 2 2 2 2 2 0 0 0 0 2 2 2 2 2 2 2 0 
0 2 2 2 2 2 2 2 0 0 0 0 2 2 2 2 2 2 2 0 
0 2 2 2 2 2 2 2 0 0 0 0 2 2 2 2 2 2 2 0 
0 0 0 0 0 0 0 0 0 0 0 0 0 0 0 0 0 0 0 0 
0 0 0 0 0 0 0 0 0 0 0 0 0 0 0 0 0 0 0 0 
0 0 0 0 0 0 0 0 0 0 0 0 0 0 0 0 0 0 0 0 
0 0 0 0 0 0 0 0 0 0 0 0 0 0 0 0 0 0 0 0 
0 0 0 0 0 0 0 0 0 0 0 0 0 0 0 0 0 0 0 0 
0 0 0 0 0 0 0 0 0 0 0 0 0 0 0 0 0 0 0 0 
0 0 0 0 0 0 0 0 0 0 0 0 0 0 0 0 0 0 0 0 
0 0 0 0 0 0 0 0 0 0 0 0 0 0 0 0 0 0 0 0 
0 0 0 0 0 0 0 0 0 0 0 0 0 0 0 0 0 0 0 0 
0 0 0 0 0 0 0 0 0 0 0 0 0 0 0 0 0 0 0 0 
0 0 0 0 0 0 0 0 0 0 0 0 0 0 0 0 0 0 0 0 
0 0 0 0 0 0 0 0 0 0 0 0 0 0 0 0 0 0 0 0 
0 0 0 0 0 0 0 0 0 0 0 0 0 0 0 0 0 0 0 0 
0 0 0 0 0 0 0 0 0 0 0 0 0 0 0 0 0 0 0 0 
</ColisionMap>
<Triggers>
</Triggers>
</MAP>
