<Character>

<Info>
<Name>Thaleia Brightmantle</Name>
<Class>Cleric</Class>
<Race>Human</Race>
<Gender>Female</Gender>
</Info>

<Attributes>
<Int>10</Int>
<Dex>14</Dex>
<Str>10</Str>
<Con>14</Con>
<Spi>18</Spi>
</Attributes>

<GeneralStats>
<Hp>4</Hp>
<Sp>6</Sp>
<Xp>0</Xp>
</GeneralStats>

<Entity>
<Sprite>Resources/Characters/Thaleia/base.bmp</Sprite>
<Width>60</Width>
<Height>60</Height>
<Animfile>Resources/Characters/Thaleia/baseanim.anim</Animfile>
</Entity>



<Equiped>
<head></head>
<chest>Resources/Items/Robes/robes.xml</chest>
<legs></legs>
<neck></neck>
<hand1></hand1>
<hand2></hand2>
<mainHand></mainHand>
<secondaryHand></secondaryHand>
<ammo></ammo>
</Equiped>


<Items>
</Items>


</Character>