<?xml version="1.0"?>
<Character>
	<Info>
		<Name>Dagrat</Name>
		<Class>Warrior</Class>
		<Race>Human</Race>
		<Gender>Male</Gender>
	</Info>
	<Attributes>
		<Int>16</Int>
		<Dex>12</Dex>
		<Str>15</Str>
		<Con>10</Con>
		<Spi>10</Spi>
	</Attributes>
	<GeneralStats>
		<Hp>9</Hp>
		<Sp>4</Sp>
		<Xp>0</Xp>
	</GeneralStats>
	<Entity>
		<Sprite>Resources/Characters/Dagrat/base.png</Sprite>
		<Width>64</Width>
		<Height>64</Height>
		<Animfile>Resources/Characters/Dagrat/baseanim.anim</Animfile>
	</Entity>
	<Equiped>
		<head />
		<chest>Resources/Items/Chain64/chain.xml</chest>
		<legs />
		<neck />
		<hand1 />
		<hand2 />
		<mainHand>Resources/Items/Shortbow/Shortbow.xml</mainHand>
		<SecondWeapon>Resources/Items/ArrowLeft/ArrowLeft.xml</SecondWeapon>
		<ammo>Resources/Items/Arrow/Arrow.xml</ammo>
	</Equiped>
	<Items/>
</Character>
