<Item >

<type>Weapon</type>

<Info>
<Name>Arrow</Name>
<Description>Simple Arrow</Description>
<Slot>SecondaryWeapon</Slot>
<Type>Weapon</Type>
<Range>0</Range>
<Damage>0</Damage>
<ToHitBonus>0</ToHitBonus>
<DamageBonus>0</DamageBonus>
<BaseDamageType>Piercing</BaseDamageType>
</Info>

<Stats>
<Int>0</Int>
<Dex>0</Dex>
<Str>0</Str>
<Con>0</Con>
</Stats>


<Image>Resources/Items/ArrowLeft/wand.bmp</Image>

<Entity>
<Sprite>Resources/Items/ArrowLeft/arrow.png</Sprite>
<Width>64</Width>
<Height>64</Height>
<Animfile>Resources/Items/ArrowLeft/arrow.anim</Animfile>
</Entity>

</Item>