<Spell>
  <Info>
    <Name>Arcane Blast</Name>
    <Class>Mage</Class>
    <School>Evocation</School>
    <Description>A Blast of arcane energy.</Description>    
  </Info>



  <Icon>Resources/Spells/Arcane_Blast/arcaneblast-icon1.png</Icon>
  <Stats>
    <Range>16</Range>
    <Radius>0</Radius>
    <Rank>1</Rank>
    <Level>0</Level>
    <AOE>SINGLE</AOE>
  </Stats>

<EffectName>ArcaneBlastEffect</EffectName>

  <Entity>
    <Sprite>Resources/Spells/Arcane_Blast/Chromatic_Orb.bmp</Sprite>
    <Width>20</Width>
    <Height>15</Height>
    <Animfile>Resources/Spells/Arcane_Blast/Chromatic_Orb.anim</Animfile>
  </Entity>
</Spell>
