<Item >

<type>Visible</type>

<Info>
<Name>Hood</Name>
<Description>A Hood Covering your Head</Description>
<Slot>Head</Slot>
<Type>Other</Type>
<BaseDefense>0</BaseDefense>
<Resistance>0</Resistance>
<BonusDefense>0</BonusDefense>
<ResistanceType>None</ResistanceType>
</Info>

<Stats>
<Int>0</Int>
<Dex>0</Dex>
<Str>0</Str>
<Con>0</Con>
</Stats>


<Image>Resources/Items/Hood/hood_ico.png</Image>

<Entity>
<Sprite>Resources/Items/Hood/hood.png</Sprite>
<Width>64</Width>
<Height>64</Height>
<Animfile>Resources/Items/Hood/hood.anim</Animfile>
</Entity>

</Item>