<Item >
<type>Visible</type>

<Info>
<Name>Chromatic Orb</Name>
<Description>Chromatic Orb</Description>
<Slot>Ammo</Slot>
<Type>Other</Type>
</Info>

<Stats>
<Int>0</Int>
<Dex>0</Dex>
<Str>0</Str>
<Con>0</Con>
</Stats>


<Image>Resources/Items/Chromatic Orb/wand.bmp</Image>

<Entity>
<Sprite>Resources/Items/Chromatic Orb/Chromatic_Orb_large.bmp</Sprite>
<Width>30</Width>
<Height>30</Height>
<Animfile>Resources/Items/Chromatic Orb/Chromatic_Orb_large.anim</Animfile>
</Entity>

</Item>