<Tiles>
<Ground>
<Tile>
Resources/Tiles/Ground/blank.png
</Tile>
<Tile>
Resources/Tiles/Ground/cliff.png
</Tile>
<Tile>
Resources/Tiles/Ground/cliff1.png
</Tile>
<Tile>
Resources/Tiles/Ground/cliff2.png
</Tile>
<Tile>
Resources/Tiles/Ground/cliff_corner_DL.png
</Tile>
<Tile>
Resources/Tiles/Ground/cliff_corner_DL_inv.png
</Tile>
<Tile>
Resources/Tiles/Ground/cliff_corner_DR.png
</Tile>
<Tile>
Resources/Tiles/Ground/cliff_corner_DR_inv.png
</Tile>
<Tile>
Resources/Tiles/Ground/cliff_corner_UL.png
</Tile>
<Tile>
Resources/Tiles/Ground/cliff_corner_UL_inv.png
</Tile>
<Tile>
Resources/Tiles/Ground/cliff_corner_UR.png
</Tile>
<Tile>
Resources/Tiles/Ground/cliff_corner_UR_inv.png
</Tile>
<Tile>
Resources/Tiles/Ground/dirt.png
</Tile>
<Tile>
Resources/Tiles/Ground/dungeon.png
</Tile>
<Tile>
Resources/Tiles/Ground/grass.png
</Tile>
<Tile>
Resources/Tiles/Ground/stonehall.png
</Tile>
<Tile>
Resources/Tiles/Ground/water.png
</Tile>
</Ground>
<Object>
<Tile>
Resources/Tiles/Objects/blank.png
</Tile>
<Tile>
Resources/Tiles/Objects/corner.png
</Tile>
<Tile>
Resources/Tiles/Objects/corner2.png
</Tile>
<Tile>
Resources/Tiles/Objects/door1.png
</Tile>
<Tile>
Resources/Tiles/Objects/door1open.png
</Tile>
<Tile>
Resources/Tiles/Objects/gate1bl.png
</Tile>
<Tile>
Resources/Tiles/Objects/gate1br.png
</Tile>
<Tile>
Resources/Tiles/Objects/gate1ul.png
</Tile>
<Tile>
Resources/Tiles/Objects/gate1ur.png
</Tile>
<Tile>
Resources/Tiles/Objects/left.png
</Tile>
<Tile>
Resources/Tiles/Objects/normal.png
</Tile>
<Tile>
Resources/Tiles/Objects/normal2.png
</Tile>
<Tile>
Resources/Tiles/Objects/normal3.png
</Tile>
<Tile>
Resources/Tiles/Objects/right.png
</Tile>
<Tile>
Resources/Tiles/Objects/treell.png
</Tile>
<Tile>
Resources/Tiles/Objects/treelr.png
</Tile>
<Tile>
Resources/Tiles/Objects/treeul.png
</Tile>
<Tile>
Resources/Tiles/Objects/treeur.png
</Tile>
<Tile>
Resources/Tiles/Objects/wall1.png
</Tile>
<Tile>
Resources/Tiles/Objects/wall2.png
</Tile>
<Tile>
Resources/Tiles/Objects/wall3.png
</Tile>
<Tile>
Resources/Tiles/Objects/wall4.png
</Tile>
<Tile>
Resources/Tiles/Objects/woodencorner.png
</Tile>
<Tile>
Resources/Tiles/Objects/woodencorner2.png
</Tile>
<Tile>
Resources/Tiles/Objects/woodencorner3.png
</Tile>
<Tile>
Resources/Tiles/Objects/woodencorner4.png
</Tile>
</Object>
</Tiles>
<MAP>
<Size>
40,40
</Size>
<GroundMap>
9 1 1 1 1 1 1 1 1 3 0 0 0 0 0 0 0 0 0 0 0 0 0 0 0 0 0 0 0 0 0 0 0 0 0 0 0 0 0 0 
3 13 13 13 13 13 13 13 13 3 0 0 0 0 0 0 0 9 1 1 1 1 1 1 1 1 1 1 1 1 1 3 0 0 0 0 0 0 0 0 
3 13 13 13 13 13 13 13 13 3 0 0 0 0 0 0 0 3 13 13 13 13 13 13 13 13 13 13 13 13 13 3 0 0 0 0 0 0 0 0 
3 13 13 13 13 13 13 13 13 3 0 0 0 0 0 0 0 3 13 13 9 1 1 1 1 1 1 1 3 13 13 3 0 0 0 0 0 0 0 0 
3 13 13 13 13 13 13 13 13 9 1 1 1 1 1 1 1 6 13 13 3 0 0 0 0 0 0 0 3 13 13 3 0 0 0 0 0 0 0 0 
3 13 13 13 13 13 13 13 13 3 13 13 13 13 13 13 13 13 13 13 3 0 0 0 0 0 0 0 3 13 13 3 0 0 0 0 0 0 0 0 
3 13 13 13 13 13 13 13 13 3 13 13 13 13 13 13 13 13 13 13 3 0 0 0 0 0 0 0 1 1 1 6 0 0 0 0 0 0 0 0 
1 1 1 1 1 1 3 13 13 3 13 13 13 13 13 13 13 13 13 13 3 0 0 0 0 0 0 0 0 0 0 0 0 0 0 0 0 0 0 0 
0 0 0 0 0 0 3 13 13 3 13 13 13 13 13 13 13 13 13 13 3 0 0 0 0 0 0 0 0 0 0 0 0 0 0 0 0 0 0 0 
0 0 0 0 0 0 3 13 13 13 13 13 13 13 13 13 13 13 13 13 3 0 0 0 0 0 0 0 0 0 0 0 0 0 0 0 0 0 0 0 
0 0 0 0 0 0 3 13 13 9 1 1 1 1 1 1 1 1 9 1 6 0 0 0 0 0 0 0 0 0 0 0 0 0 0 0 0 0 0 0 
0 0 0 0 0 0 3 13 13 3 13 13 13 13 13 13 13 13 3 0 0 0 0 0 0 0 0 0 0 0 0 0 0 0 0 0 0 0 0 0 
0 0 0 0 0 0 3 13 13 3 13 13 13 13 13 13 13 13 1 1 1 1 1 1 3 0 0 0 0 0 0 0 0 0 0 0 0 0 0 0 
0 0 0 0 0 0 3 13 13 3 13 13 13 13 13 13 13 13 13 13 13 13 13 13 3 0 0 0 0 0 0 0 0 0 0 0 0 0 0 0 
0 0 0 0 0 0 3 13 13 13 13 13 13 13 13 13 13 13 13 13 13 13 13 13 3 0 0 0 0 0 0 0 0 0 0 0 0 0 0 0 
0 0 0 0 0 0 3 13 13 3 13 13 13 13 13 13 13 13 9 1 1 3 13 13 3 0 9 1 1 1 1 1 1 1 3 0 0 0 0 0 
0 0 0 0 0 0 1 1 1 1 1 1 1 1 1 1 1 1 6 0 0 3 13 13 3 0 3 13 13 13 13 13 13 13 1 3 0 0 0 0 
0 0 0 0 0 0 0 0 0 0 0 0 0 0 0 0 0 0 0 0 0 3 13 13 3 0 3 13 13 13 13 13 13 13 13 1 3 0 0 0 
0 0 0 0 0 0 0 0 0 0 0 0 0 0 0 0 0 0 0 0 0 3 13 13 3 0 3 13 13 13 13 13 13 13 13 13 1 3 0 0 
0 0 0 0 0 0 0 0 0 0 0 0 0 0 0 0 0 0 0 0 0 3 13 13 3 0 3 13 13 13 13 13 13 13 13 13 13 1 3 0 
0 0 0 0 0 0 0 0 9 1 1 1 1 1 1 1 1 1 1 1 1 6 13 13 3 0 3 13 13 13 13 13 13 13 13 13 13 13 3 0 
0 0 0 0 0 0 0 0 3 13 13 13 13 13 13 13 13 13 13 13 13 13 13 13 3 0 3 13 13 13 13 13 13 13 13 13 13 13 3 0 
0 0 0 0 0 0 0 0 3 13 13 13 13 13 13 13 13 13 13 13 13 13 13 13 3 0 3 13 13 13 13 13 13 13 13 13 13 9 6 0 
0 0 0 0 0 0 0 0 3 13 13 9 1 1 1 1 1 1 1 1 1 1 1 1 6 0 3 13 13 13 13 13 13 13 13 13 9 6 0 0 
0 0 0 0 0 0 0 0 3 13 13 3 0 0 0 0 0 0 0 0 0 0 0 0 0 0 3 13 13 13 13 13 13 13 13 9 6 0 0 0 
0 0 0 0 0 0 0 0 3 13 13 3 0 0 0 0 0 0 0 0 0 0 0 0 0 0 3 13 13 13 13 13 13 13 9 6 0 0 0 0 
0 0 0 0 0 9 1 1 6 13 13 1 1 1 1 1 3 0 0 0 0 9 1 1 1 1 6 13 13 13 9 1 1 1 6 0 0 0 0 0 
0 0 0 0 0 3 13 13 13 13 13 13 13 13 13 13 3 0 0 0 0 3 13 13 13 13 13 13 13 9 6 0 0 0 0 0 0 0 0 0 
0 0 0 0 0 3 13 13 13 13 13 13 13 13 13 13 3 0 0 0 0 3 13 9 1 1 1 1 1 6 0 0 0 0 0 0 0 0 0 0 
0 0 0 0 0 3 13 13 13 13 13 13 13 13 13 13 3 0 0 0 0 3 13 3 0 0 0 0 0 0 0 0 0 0 0 0 0 0 0 0 
0 0 0 0 0 3 13 13 13 13 13 13 13 13 13 13 1 1 1 1 1 6 13 1 1 3 0 0 0 0 0 0 0 0 0 0 0 0 0 0 
0 0 0 0 0 3 13 13 13 13 13 13 13 13 13 13 13 13 13 13 13 13 13 13 13 3 0 0 0 0 0 0 0 0 0 0 0 0 0 0 
0 0 0 0 0 3 13 13 13 13 13 13 13 13 13 13 9 1 1 1 1 1 1 1 1 6 0 0 0 0 0 0 0 0 0 0 0 0 0 0 
0 0 0 0 0 3 13 13 13 13 13 13 13 13 13 13 3 0 0 0 0 0 0 0 0 0 0 0 0 0 0 0 0 0 0 0 0 0 0 0 
0 0 0 0 0 3 13 13 13 13 13 13 13 13 13 13 3 0 0 0 0 0 0 0 0 0 0 0 0 0 0 0 0 0 0 0 0 0 0 0 
0 0 0 0 0 1 1 1 1 1 1 1 1 1 1 1 6 0 0 0 0 0 0 0 0 0 0 0 0 0 0 0 0 0 0 0 0 0 0 0 
0 0 0 0 0 0 0 0 0 0 0 0 0 0 0 0 0 0 0 0 0 0 0 0 0 0 0 0 0 0 0 0 0 0 0 0 0 0 0 0 
0 0 0 0 0 0 0 0 0 0 0 0 0 0 0 0 0 0 0 0 0 0 0 0 0 0 0 0 0 0 0 0 0 0 0 0 0 0 0 0 
0 0 0 0 0 0 0 0 0 0 0 0 0 0 0 0 0 0 0 0 0 0 0 0 0 0 0 0 0 0 0 0 0 0 0 0 0 0 0 0 
0 0 0 0 0 0 0 0 0 0 0 0 0 0 0 0 0 0 0 0 0 0 0 0 0 0 0 0 0 0 0 0 0 0 0 0 0 0 0 0 
</GroundMap>
<ObjectMap>
0 0 0 0 0 0 0 0 0 0 0 0 0 0 0 0 0 0 0 0 0 0 0 0 0 0 0 0 0 0 0 0 0 0 0 0 0 0 0 0 
0 0 0 0 0 0 0 0 0 0 0 0 0 0 0 0 0 0 0 0 0 0 0 0 0 0 0 0 0 0 0 0 0 0 0 0 0 0 0 0 
0 0 0 0 0 0 0 0 0 0 0 0 0 0 0 0 0 0 0 0 0 0 0 0 0 0 0 0 0 0 0 0 0 0 0 0 0 0 0 0 
0 0 0 0 0 0 0 0 0 0 0 0 0 0 0 0 0 0 0 0 0 0 0 0 0 0 0 0 0 0 0 0 0 0 0 0 0 0 0 0 
0 0 0 0 0 0 0 0 0 0 0 0 0 0 0 0 0 0 0 0 0 0 0 0 0 0 0 0 0 0 0 0 0 0 0 0 0 0 0 0 
0 0 0 0 0 0 0 0 0 0 0 0 0 0 0 0 0 0 0 0 0 0 0 0 0 0 0 0 0 0 0 0 0 0 0 0 0 0 0 0 
0 0 0 0 0 0 0 0 0 0 0 0 0 0 0 0 0 0 0 0 0 0 0 0 0 0 0 0 0 0 0 0 0 0 0 0 0 0 0 0 
0 0 0 0 0 0 0 0 0 0 0 0 0 0 0 0 0 0 0 0 0 0 0 0 0 0 0 0 0 0 0 0 0 0 0 0 0 0 0 0 
0 0 0 0 0 0 0 0 0 0 0 0 0 0 0 0 0 0 0 0 0 0 0 0 0 0 0 0 0 0 0 0 0 0 0 0 0 0 0 0 
0 0 0 0 0 0 0 0 0 0 0 0 0 0 0 0 0 0 0 0 0 0 0 0 0 0 0 0 0 0 0 0 0 0 0 0 0 0 0 0 
0 0 0 0 0 0 0 0 0 0 0 0 0 0 0 0 0 0 0 0 0 0 0 0 0 0 0 0 0 0 0 0 0 0 0 0 0 0 0 0 
0 0 0 0 0 0 0 0 0 0 0 0 0 0 0 0 0 0 0 0 0 0 0 0 0 0 0 0 0 0 0 0 0 0 0 0 0 0 0 0 
0 0 0 0 0 0 0 0 0 0 0 0 0 0 0 0 0 0 0 0 0 0 0 0 0 0 0 0 0 0 0 0 0 0 0 0 0 0 0 0 
0 0 0 0 0 0 0 0 0 0 0 0 0 0 0 0 0 0 0 0 0 0 0 0 0 0 0 0 0 0 0 0 0 0 0 0 0 0 0 0 
0 0 0 0 0 0 0 0 0 0 0 0 0 0 0 0 0 0 0 0 0 0 0 0 0 0 0 0 0 0 0 0 0 0 0 0 0 0 0 0 
0 0 0 0 0 0 0 0 0 0 0 0 0 0 0 0 0 0 0 0 0 0 0 0 0 0 0 0 0 0 0 0 0 0 0 0 0 0 0 0 
0 0 0 0 0 0 0 0 0 0 0 0 0 0 0 0 0 0 0 0 0 0 0 0 0 0 0 0 0 0 0 0 0 0 0 0 0 0 0 0 
0 0 0 0 0 0 0 0 0 0 0 0 0 0 0 0 0 0 0 0 0 0 0 0 0 0 0 0 0 0 0 0 0 0 0 0 0 0 0 0 
0 0 0 0 0 0 0 0 0 0 0 0 0 0 0 0 0 0 0 0 0 0 0 0 0 0 0 0 0 0 0 0 0 0 0 0 0 0 0 0 
0 0 0 0 0 0 0 0 0 0 0 0 0 0 0 0 0 0 0 0 0 0 0 0 0 0 0 0 0 0 0 0 0 0 0 0 0 0 0 0 
0 0 0 0 0 0 0 0 0 0 0 0 0 0 0 0 0 0 0 0 0 0 0 0 0 0 0 0 0 0 0 0 0 0 0 0 0 0 0 0 
0 0 0 0 0 0 0 0 0 0 0 0 0 0 0 0 0 0 0 0 0 0 0 0 0 0 0 0 0 0 0 0 0 0 0 0 0 0 0 0 
0 0 0 0 0 0 0 0 0 0 0 0 0 0 0 0 0 0 0 0 0 0 0 0 0 0 0 0 0 0 0 0 0 0 0 0 0 0 0 0 
0 0 0 0 0 0 0 0 0 0 0 0 0 0 0 0 0 0 0 0 0 0 0 0 0 0 0 0 0 0 0 0 0 0 0 0 0 0 0 0 
0 0 0 0 0 0 0 0 0 0 0 0 0 0 0 0 0 0 0 0 0 0 0 0 0 0 0 0 0 0 0 0 0 0 0 0 0 0 0 0 
0 0 0 0 0 0 0 0 0 0 0 0 0 0 0 0 0 0 0 0 0 0 0 0 0 0 0 0 0 0 0 0 0 0 0 0 0 0 0 0 
0 0 0 0 0 0 0 0 0 0 0 0 0 0 0 0 0 0 0 0 0 0 0 0 0 0 0 0 0 0 0 0 0 0 0 0 0 0 0 0 
0 0 0 0 0 0 0 0 0 0 0 0 0 0 0 0 0 0 0 0 0 0 0 0 0 0 0 0 0 0 0 0 0 0 0 0 0 0 0 0 
0 0 0 0 0 0 0 0 0 0 0 0 0 0 0 0 0 0 0 0 0 0 0 0 0 0 0 0 0 0 0 0 0 0 0 0 0 0 0 0 
0 0 0 0 0 0 0 0 0 0 0 0 0 0 0 0 0 0 0 0 0 0 0 0 0 0 0 0 0 0 0 0 0 0 0 0 0 0 0 0 
0 0 0 0 0 0 0 0 0 0 0 0 0 0 0 0 0 0 0 0 0 0 0 0 0 0 0 0 0 0 0 0 0 0 0 0 0 0 0 0 
0 0 0 0 0 0 0 0 0 0 0 0 0 0 0 0 0 0 0 0 0 0 0 0 0 0 0 0 0 0 0 0 0 0 0 0 0 0 0 0 
0 0 0 0 0 0 0 0 0 0 0 0 0 0 0 0 0 0 0 0 0 0 0 0 0 0 0 0 0 0 0 0 0 0 0 0 0 0 0 0 
0 0 0 0 0 0 0 0 0 0 0 0 0 0 0 0 0 0 0 0 0 0 0 0 0 0 0 0 0 0 0 0 0 0 0 0 0 0 0 0 
0 0 0 0 0 0 0 0 0 0 0 0 0 0 0 0 0 0 0 0 0 0 0 0 0 0 0 0 0 0 0 0 0 0 0 0 0 0 0 0 
0 0 0 0 0 0 0 0 0 0 0 0 0 0 0 0 0 0 0 0 0 0 0 0 0 0 0 0 0 0 0 0 0 0 0 0 0 0 0 0 
0 0 0 0 0 0 0 0 0 0 0 0 0 0 0 0 0 0 0 0 0 0 0 0 0 0 0 0 0 0 0 0 0 0 0 0 0 0 0 0 
0 0 0 0 0 0 0 0 0 0 0 0 0 0 0 0 0 0 0 0 0 0 0 0 0 0 0 0 0 0 0 0 0 0 0 0 0 0 0 0 
0 0 0 0 0 0 0 0 0 0 0 0 0 0 0 0 0 0 0 0 0 0 0 0 0 0 0 0 0 0 0 0 0 0 0 0 0 0 0 0 
0 0 0 0 0 0 0 0 0 0 0 0 0 0 0 0 0 0 0 0 0 0 0 0 0 0 0 0 0 0 0 0 0 0 0 0 0 0 0 0 
</ObjectMap>
<ColisionMap>
1 1 1 1 1 1 1 1 1 1 0 0 0 0 0 0 0 0 0 0 0 0 0 0 0 0 0 0 0 0 0 0 0 0 0 0 0 0 0 0 
1 0 0 0 0 0 0 0 0 1 0 0 0 0 0 0 0 1 1 1 1 1 1 1 1 1 1 1 1 1 1 1 0 0 0 0 0 0 0 0 
1 0 0 0 0 0 0 0 0 1 0 0 0 0 0 0 0 1 0 0 0 0 0 0 0 0 0 0 0 0 0 1 0 0 0 0 0 0 0 0 
1 0 0 0 0 0 0 0 0 1 0 0 0 0 0 0 0 1 0 0 1 1 1 1 1 1 1 1 1 0 0 1 0 0 0 0 0 0 0 0 
1 0 0 0 0 0 0 0 0 1 1 1 1 1 1 1 1 1 0 0 1 0 0 0 0 0 0 0 1 0 0 1 0 0 0 0 0 0 0 0 
1 0 0 0 0 0 0 0 0 1 0 0 0 0 0 0 0 0 0 0 1 0 0 0 0 0 0 0 1 0 0 1 0 0 0 0 0 0 0 0 
1 0 0 0 0 0 0 0 0 1 0 0 0 0 0 0 0 0 0 0 1 0 0 0 0 0 0 0 1 1 1 1 0 0 0 0 0 0 0 0 
1 1 1 1 1 1 1 0 0 1 0 0 0 0 0 0 0 0 0 0 1 0 0 0 0 0 0 0 0 0 0 0 0 0 0 0 0 0 0 0 
0 0 0 0 0 0 1 0 0 1 0 0 0 0 0 0 0 0 0 0 1 0 0 0 0 0 0 0 0 0 0 0 0 0 0 0 0 0 0 0 
0 0 0 0 0 0 1 0 0 0 0 0 0 0 0 0 0 0 0 0 1 0 0 0 0 0 0 0 0 0 0 0 0 0 0 0 0 0 0 0 
0 0 0 0 0 0 1 0 0 1 1 1 1 1 1 1 1 1 1 1 1 0 0 0 0 0 0 0 0 0 0 0 0 0 0 0 0 0 0 0 
0 0 0 0 0 0 1 0 0 1 0 0 0 0 0 0 0 0 1 0 0 0 0 0 0 0 0 0 0 0 0 0 0 0 0 0 0 0 0 0 
0 0 0 0 0 0 1 0 0 1 0 0 0 0 0 0 0 0 1 1 1 1 1 1 1 0 0 0 0 0 0 0 0 0 0 0 0 0 0 0 
0 0 0 0 0 0 1 0 0 1 0 0 0 0 0 0 0 0 0 0 0 0 0 0 1 0 0 0 0 0 0 0 0 0 0 0 0 0 0 0 
0 0 0 0 0 0 1 0 0 0 0 0 0 0 0 0 0 0 0 0 0 0 0 0 1 0 0 0 0 0 0 0 0 0 0 0 0 0 0 0 
0 0 0 0 0 0 1 0 0 1 0 0 0 0 0 0 0 0 1 1 1 1 0 0 1 0 1 1 1 1 1 1 1 1 1 0 0 0 0 0 
0 0 0 0 0 0 1 1 1 1 1 1 1 1 1 1 1 1 1 0 0 1 0 0 1 0 1 0 0 0 0 0 0 0 1 1 0 0 0 0 
0 0 0 0 0 0 0 0 0 0 0 0 0 0 0 0 0 0 0 0 0 1 0 0 1 0 1 0 0 0 0 0 0 0 0 1 1 0 0 0 
0 0 0 0 0 0 0 0 0 0 0 0 0 0 0 0 0 0 0 0 0 1 0 0 1 0 1 0 0 0 0 0 0 0 0 0 1 1 0 0 
0 0 0 0 0 0 0 0 0 0 0 0 0 0 0 0 0 0 0 0 0 1 0 0 1 0 1 0 0 0 0 0 0 0 0 0 0 1 1 0 
0 0 0 0 0 0 0 0 1 1 1 1 1 1 1 1 1 1 1 1 1 1 0 0 1 0 1 0 0 0 0 0 0 0 0 0 0 0 1 0 
0 0 0 0 0 0 0 0 1 0 0 0 0 0 0 0 0 0 0 0 0 0 0 0 1 0 1 0 0 0 0 0 0 0 0 0 0 0 1 0 
0 0 0 0 0 0 0 0 1 0 0 0 0 0 0 0 0 0 0 0 0 0 0 0 1 0 1 0 0 0 0 0 0 0 0 0 0 1 1 0 
0 0 0 0 0 0 0 0 1 0 0 1 1 1 1 1 1 1 1 1 1 1 1 1 1 0 1 0 0 0 0 0 0 0 0 0 1 1 0 0 
0 0 0 0 0 0 0 0 1 0 0 1 0 0 0 0 0 0 0 0 0 0 0 0 0 0 1 0 0 0 0 0 0 0 0 1 1 0 0 0 
0 0 0 0 0 0 0 0 1 0 0 1 0 0 0 0 0 0 0 0 0 0 0 0 0 0 1 0 0 0 0 0 0 0 1 1 0 0 0 0 
0 0 0 0 0 1 1 1 1 0 0 1 1 1 1 1 1 0 0 0 0 1 1 1 1 1 1 0 0 0 1 1 1 1 1 0 0 0 0 0 
0 0 0 0 0 1 0 0 0 0 0 0 0 0 0 0 1 0 0 0 0 1 0 0 0 0 0 0 0 1 1 0 0 0 0 0 0 0 0 0 
0 0 0 0 0 1 0 0 0 0 0 0 0 0 0 0 1 0 0 0 0 1 0 1 1 1 1 1 1 1 0 0 0 0 0 0 0 0 0 0 
0 0 0 0 0 1 0 0 0 0 0 0 0 0 0 0 1 0 0 0 0 1 0 1 0 0 0 0 0 0 0 0 0 0 0 0 0 0 0 0 
0 0 0 0 0 1 0 0 0 0 0 0 0 0 0 0 1 1 1 1 1 1 0 1 1 1 0 0 0 0 0 0 0 0 0 0 0 0 0 0 
0 0 0 0 0 1 0 0 0 0 0 0 0 0 0 0 0 0 0 0 0 0 0 0 0 1 0 0 0 0 0 0 0 0 0 0 0 0 0 0 
0 0 0 0 0 1 0 0 0 0 0 0 0 0 0 0 1 1 1 1 1 1 1 1 1 1 0 0 0 0 0 0 0 0 0 0 0 0 0 0 
0 0 0 0 0 1 0 0 0 0 0 0 0 0 0 0 1 0 0 0 0 0 0 0 0 0 0 0 0 0 0 0 0 0 0 0 0 0 0 0 
0 0 0 0 0 1 0 0 0 0 0 0 0 0 0 0 1 0 0 0 0 0 0 0 0 0 0 0 0 0 0 0 0 0 0 0 0 0 0 0 
0 0 0 0 0 1 1 1 1 1 1 1 1 1 1 1 1 0 0 0 0 0 0 0 0 0 0 0 0 0 0 0 0 0 0 0 0 0 0 0 
0 0 0 0 0 0 0 0 0 0 0 0 0 0 0 0 0 0 0 0 0 0 0 0 0 0 0 0 0 0 0 0 0 0 0 0 0 0 0 0 
0 0 0 0 0 0 0 0 0 0 0 0 0 0 0 0 0 0 0 0 0 0 0 0 0 0 0 0 0 0 0 0 0 0 0 0 0 0 0 0 
0 0 0 0 0 0 0 0 0 0 0 0 0 0 0 0 0 0 0 0 0 0 0 0 0 0 0 0 0 0 0 0 0 0 0 0 0 0 0 0 
0 0 0 0 0 0 0 0 0 0 0 0 0 0 0 0 0 0 0 0 0 0 0 0 0 0 0 0 0 0 0 0 0 0 0 0 0 0 0 0 
</ColisionMap>
<Triggers>
</Triggers>
</MAP>
