<Item >

<type>Armor</type>

<Info>
<Name>Corset</Name>
<Description>Cute Dress worn by women</Description>
<Slot>Chest</Slot>
<Type>Armor</Type>
<BaseDefense>0</BaseDefense>
<Resistance>0</Resistance>
<BonusDefense>0</BonusDefense>
<ResistanceType>None</ResistanceType>
<ArmorType>Other</ArmorType>
</Info>

<Stats>
<Int>0</Int>
<Dex>0</Dex>
<Str>0</Str>
<Con>0</Con>
</Stats>


<Image>Resources/Items/Corset/wand.bmp</Image>

<Entity>
<Sprite>Resources/Items/Corset/corset.bmp</Sprite>
<Width>60</Width>
<Height>60</Height>
<Animfile>Resources/Items/Corset/corset.anim</Animfile>
</Entity>

</Item>