<Item>

<type>Armor</type>

<Info>
<Name>Robes</Name>
<Description>Just a simple set of Robes</Description>
<Slot>Chest</Slot>
<Type>Armor</Type>
<BaseDefense>0</BaseDefense>
<Resistance>0</Resistance>
<BonusDefense>0</BonusDefense>
<ResistanceType>None</ResistanceType>
<ArmorType>Other</ArmorType>
</Info>

<Stats>
<Int>0</Int>
<Dex>0</Dex>
<Str>0</Str>
<Con>0</Con>
</Stats>


<Image>Resources/Items/Robes64/robes_ico.png</Image>

<Entity>
<Sprite>Resources/Items/Robes64/Robes64.png</Sprite>
<Width>64</Width>
<Height>64</Height>
<Animfile>Resources/Items/Robes64/Robes64.anim</Animfile>
</Entity>

</Item>