1<Spell>
  <Info>
    <Name>Ice Cage</Name>
    <Class>Mage</Class>
    <School>Evocation</School>
    <Description>A cage of Ice Holding Target in place.</Description>
  </Info>

  <Stats>
    <Range>10</Range>
    <Radius>1</Radius>
    <Rank>1</Rank>
    <Level>2</Level>
    <AOE>DISK</AOE>
    <ReqTarget>YES</ReqTarget>
  </Stats>

  <EffectName>IceCageEffect</EffectName>
  <Icon>Resources/Spells/Icecage/icecage-icon.png</Icon>    
  <Entity>
    <Sprite>Resources/Spells/Blank/Blank.png</Sprite>
    <Width>32</Width>
    <Height>32</Height>
    <Animfile>Resources/Spells/Blank/Blank.anim</Animfile>
  </Entity>


  <Blast>
    <Sprite>Resources/Spells/Icecage/icecage_small.png</Sprite>
    <Width>96</Width>
    <Height>96</Height>
    <Animfile>Resources/Spells/Icecage/icecage_small.anim</Animfile>
  </Blast>
</Spell>
