<Item >

<type>Weapon</type>

<Info>
<Name>Wand</Name>
<Description>Just a simple wand</Description>
<Slot>MainWeapon</Slot>
<Type>Weapon</Type>
<Range>6</Range>
<Damage>6</Damage>
<ToHitBonus>0</ToHitBonus>
<DamageBonus>0</DamageBonus>
<BaseDamageType>Force</BaseDamageType>
<WeaponType>Secondary</WeaponType>
</Info>

<Stats>
<Int>0</Int>
<Dex>0</Dex>
<Str>0</Str>
<Con>0</Con>
</Stats>


<Image>Resources/Items/Wand64/wand.bmp</Image>

<Entity>
<Sprite>Resources/Items/Wand64/wand.png</Sprite>
<Width>64</Width>
<Height>64</Height>
<Animfile>Resources/Items/Wand64/wand.anim</Animfile>
</Entity>

</Item>