<Item >

<type>Weapon</type>

<Info>
<Name>Shield</Name>
<Description>A trusty wooden Shield</Description>
<Slot>SecondWeapon</Slot>
<Type>Weapon</Type>
<Range>1</Range>
<Damage>0</Damage>
<ToHitBonus>0</ToHitBonus>
<DamageBonus>0</DamageBonus>
<BaseDamageType>Bludgeoning</BaseDamageType>
<WeaponType>Secondary</WeaponType>
</Info>

<Stats>
<Int>0</Int>
<Dex>0</Dex>
<Str>0</Str>
<Con>0</Con>
</Stats>


<Image>Resources/Items/Shield/wand.bmp</Image>

<Entity>
<Sprite>Resources/Items/Shield/shield.png</Sprite>
<Width>64</Width>
<Height>64</Height>
<Animfile>Resources/Items/Shield/shield.anim</Animfile>
</Entity>

</Item>