<Item >

<type>Armor</type>

<Info>
<Name>Robes</Name>
<Description>Just a simple set of Robes</Description>
<Slot>Chest</Slot>
<Type>Armor</Type>
<BaseDefense>0</BaseDefense>
<Resistance>0</Resistance>
<BonusDefense>0</BonusDefense>
<ResistanceType>None</ResistanceType>
<ArmorType>Other</ArmorType>
</Info>

<Stats>
<Int>0</Int>
<Dex>0</Dex>
<Str>0</Str>
<Con>0</Con>
</Stats>


<Image>Resources/Items/Robes/robes_ico.png</Image>

<Entity>
<Sprite>Resources/Items/Robes/robes.bmp</Sprite>
<Width>60</Width>
<Height>60</Height>
<Animfile>Resources/Items/Robes/robes.anim</Animfile>
</Entity>

</Item>