<Spell>
  <Info>
    <Name>Arcane Blast</Name>
    <Class>Wizard</Class>
    <School>Evocation</School>
    <Description>A Blast of arcane energy.</Description>    
  </Info>

  <Stats>
    <Range>16</Range>
    <Radius>0</Radius>
    <Rank>1</Rank>
    <Level>1</Level>
    <AOE>SINGLE</AOE>
  </Stats>

  <Entity>
    <Sprite>Resources/Spells/Arcane_Blast/arcane_blast.bmp</Sprite>
    <Width>60</Width>
    <Height>60</Height>
    <Animfile>Resources/Spells/Arcane_Blast/arcane_blast.anim</Animfile>
  </Entity>



</Spell>
