<Spell>
  <Info>
    <Name>Ice Lance</Name>
    <Class>Mage</Class>
    <School>Evocation</School>
    <Description>A shard of of piercing ice.</Description>    
  </Info>



  <Icon>Resources/Spells/iceshard/iceshard-icon.png</Icon>
  <Stats>
    <Range>10</Range>
    <Radius>0</Radius>
    <Rank>1</Rank>
    <Level>1</Level>
    <AOE>SINGLE</AOE>
  </Stats>

<EffectName>IceShardEffect</EffectName>

  <Entity>
    <Sprite>Resources/Spells/iceshard/iceshard.png</Sprite>
    <Width>32</Width>
    <Height>32</Height>
    <Animfile>Resources/Spells/iceshard/iceshard.anim</Animfile>
  </Entity>
</Spell>
