<Spell>
  <Info>
    <Name>Firebolt</Name>
    <Class>Mage</Class>
    <School>Evocation</School>
    <Description>A bolt of fire.</Description>    
  </Info>



  <Icon>Resources/Spells/firebolt/firebolt-icon.png</Icon>
  <Stats>
    <Range>16</Range>
    <Radius>0</Radius>
    <Rank>1</Rank>
    <Level>0</Level>
    <AOE>SINGLE</AOE>
  </Stats>

<EffectName>ArcaneBlastEffect</EffectName>

  <Entity>
    <Sprite>Resources/Spells/firebolt/firebolt_2.png</Sprite>
    <Width>32</Width>
    <Height>32</Height>
    <Animfile>Resources/Spells/firebolt/firebolt.anim</Animfile>
  </Entity>
</Spell>
