<Character>

<Info>
<Name>Brimwin Darth 2</Name>
<Class>Fighter</Class>
<Race>Human</Race>
<Gender>Male</Gender>
</Info>

<Attributes>
<Int>10</Int>
<Dex>14</Dex>
<Str>16</Str>
<Con>16</Con>
<Spi>10</Spi>
</Attributes>

<GeneralStats>
<Hp>4</Hp>
<Sp>4</Sp>
<Xp>0</Xp>
</GeneralStats>

<Entity>
<Sprite>Resources/Characters/Brimwin/mohawk.bmp</Sprite>
<Width>60</Width>
<Height>60</Height>
<Animfile>Resources/Characters/Brimwin/baseanim.anim</Animfile>
</Entity>
<Equiped>
<head></head>
<chest>Resources/Items/Chain/chain.xml</chest>
<legs></legs>
<neck></neck>
<hand1></hand1>
<hand2></hand2>
<mainHand>Resources/Items/Spear/spear.xml</mainHand>
<secondaryHand></secondaryHand>
<ammo></ammo>
</Equiped>


<Items>
</Items>
</Character>